AD,Full-flowering date (DOY),Full-flowering date,Source code,Data type code,Reference Name
801,,,,,-
802,,,,,-
803,,,,,-
804,,,,,-
805,,,,,-
806,,,,,-
807,,,,,-
808,,,,,-
809,,,,,-
810,,,,,-
811,,,,,-
812,92,401,1,2,NIHON-KOKI
813,,,,,-
814,,,,,-
815,105,415,1,2,NIHON-KOKI
816,,,,,-
817,,,,,-
818,,,,,-
819,,,,,-
820,,,,,-
821,,,,,-
822,,,,,-
823,,,,,-
824,,,,,-
825,,,,,-
826,,,,,-
827,,,,,-
828,,,,,-
829,,,,,-
830,,,,,-
831,96,406,1,2,NIHON-KOKI
832,,,,,-
833,,,,,-
834,,,,,-
835,,,,,-
836,,,,,-
837,,,,,-
838,,,,,-
839,,,,,-
840,,,,,-
841,,,,,-
842,,,,,-
843,,,,,-
844,,,,,-
845,,,,,-
846,,,,,-
847,,,,,-
848,,,,,-
849,,,,,-
850,,,,,-
851,108,418,1,2,MONTOKUTENNO-JITSUROKU
852,,,,,-
853,104,414,1,2,MONTOKUTENNO-JITSUROKU
854,,,,,-
855,,,,,-
856,,,,,-
857,,,,,-
858,,,,,-
859,,,,,-
860,,,,,-
861,,,,,-
862,,,,,-
863,,,,,-
864,100,409,1,2,NIPPON-SANDAI-JITSUROKU
865,,,,,-
866,106,416,1,2,NIPPON-SANDAI-JITSUROKU
867,,,,,-
868,,,,,-
869,95,405,5,2,KANKE-BUNSOU
870,,,,,-
871,,,,,-
872,,,,,-
873,,,,,-
874,,,,,-
875,,,,,-
876,,,,,-
877,,,,,-
878,,,,,-
879,,,,,-
880,,,,,-
881,,,,,-
882,,,,,-
883,,,,,-
884,,,,,-
885,,,,,-
886,,,,,-
887,,,,,-
888,,,,,-
889,104,414,5,2,NIPPON-SANDAI-JITSUROKU
890,,,,,-
891,109,419,5,4,NIHONKIRYAKU
892,108,417,5,3,FUSHIMIIN-GOKIROKKU
893,,,,,-
894,106,416,5,2,KANKE-BUNSOU
895,104,414,5,4,NIHONKIRYAKU
896,104,413,5,4,NIPPON-SANDAI-JITSUROKU
897,,,,,-
898,,,,,-
899,,,,,-
900,,,,,-
901,,,,,-
902,102,412,5,8,EST-from-WF(NIHONGI-RYAKU)
903,,,,,-
904,,,,,-
905,,,,,-
906,,,,,-
907,,,,,-
908,98,407,5,8,EST-from-WF(KIMITADA-SHU)
909,,,,,-
910,,,,,-
911,,,,,-
912,95,404,1,2,SHINGISHIKI
913,110,420,5,2,SHUI-WAKASHU
914,,,,,-
915,,,,,-
916,,,,,-
917,95,405,1,2,KINHISHO
918,,,,,-
919,,,,,-
920,,,,,-
921,,,,,-
922,,,,,-
923,104,414,5,4,ZOKU-KOKIN-WAKASHU
924,,,,,-
925,,,,,-
926,98,408,1,2,NIHONKIRYAKU
927,,,,,-
928,,,,,-
929,,,,,-
930,97,407,5,8,EST-from-WF(SHIRYO-SORAN)
931,,,,,-
932,,,,,-
933,106,416,5,8,EST-from-WF(SHIRYO-SORAN)
934,,,,,-
935,,,,,-
936,,,,,-
937,,,,,-
938,,,,,-
939,,,,,-
940,,,,,-
941,109,419,1,2,NIHONKIRYAKU
942,,,,,-
943,,,,,-
944,,,,,-
945,,,,,-
946,,,,,-
947,,,,,-
948,,,,,-
949,107,417,1,2,NIHONKIRYAKU
950,95,405,4,2,DAINIHON-SHIRYO
951,,,,,-
952,,,,,-
953,,,,,-
954,,,,,-
955,89,330,5,4,SHUISHO
956,,,,,-
957,112,422,1,2,NIHONKIRYAKU
958,109,419,1,2,NIHONKIRYAKU
959,97,407,3,2,KYUREKI
960,101,410,3,2,KYUREKI
961,87,328,1,2,NIHONKIRYAKU
962,,,,,-
963,94,404,1,2,NIHONKIRYAKU
964,,,,,-
965,104,414,1,2,NIHONKIRYAKU
966,98,408,1,2,NIHONKIRYAKU
967,103,413,1,2,NIHONKIRYAKU
968,,,,,-
969,98,408,5,4,NIHONKIRYAKU
970,,,,,-
971,,,,,-
972,107,416,5,8,EST-from-WF(SHIRYO-SORAN)
973,,,,,-
974,108,418,1,2,NIHONKIRYAKU
975,101,411,5,2,NIHONKIRYAKU
976,,,,,-
977,112,422,2,2,FUSO-RYAKKI
978,,,,,-
979,104,414,4,3,DAINIHON-SHIRYO
980,,,,,-
981,,,,,-
982,,,,,-
983,,,,,-
984,,,,,-
985,94,404,4,2,SHOYUKI
986,,,,,-
987,,,,,-
988,,,,,-
989,100,410,4,2,SHOYUKI
990,,,,,-
991,104,414,7,1,EIGA-MONOGATARI(MIHATENUYUME)
992,,,,,-
993,,,,,-
994,,,,,-
995,,,,,-
996,,,,,-
997,,,,,-
998,,,,,-
999,,,,,-
1000,105,415,3,2,MIDO-KAMPAKUKI
1001,,,,,-
1002,,,,,-
1003,,,,,-
1004,117,426,3,2,MIDO-KAMPAKUKI
1005,,,,,-
1006,100,410,1,2,NIHONKIRYAKU
1007,106,416,5,4,MIDO-KAMPAKUKI
1008,,,,,-
1009,,,,,-
1010,,,,,-
1011,,,,,-
1012,,,,,-
1013,,,,,-
1014,115,425,5,2,DAI-SAIIN-GYOSHU
1015,,,,,-
1016,111,420,2,2,MIDO-KAMPAKUKI
1017,99,409,3,2,MIDO-KAMPAKUKI
1018,113,423,2,2,MIDO-KAMPAKUKI
1019,98,408,4,2,SHOYUKI
1020,,,,,-
1021,,,,,-
1022,,,,,-
1023,,,,,-
1024,,,,,-
1025,,,,,-
1026,,,,,-
1027,,,,,-
1028,,,,,-
1029,116,426,1,2,REKIDAI-HENNEN-SHUSEI
1030,,,,,-
1031,97,407,4,2,SHOYUKI
1032,111,420,5,2,NIHONKIRYAKU
1033,102,412,5,4,NIHONKIRYAKU
1034,96,406,5,8,EST-from-WF(EIGA-MONOGATARI)
1035,,,,,-
1036,104,413,5,4,NIHONKIRYAKU
1037,,,,,-
1038,,,,,-
1039,,,,,-
1040,,,,,-
1041,103,413,1,2,FUSO-RYAKKI
1042,,,,,-
1043,,,,,-
1044,,,,,-
1045,,,,,-
1046,103,413,7,1,EIGA-MONOGATARI(NEAWASE)
1047,,,,,-
1048,112,421,6,3,IETSUNE-ASON-SHU
1049,,,,,-
1050,105,415,7,2,EIGA-MONOGATARI(NEAWASE)
1051,,,,,-
1052,,,,,-
1053,,,,,-
1054,,,,,-
1055,,,,,-
1056,,,,,-
1057,,,,,-
1058,,,,,-
1059,,,,,-
1060,108,417,5,4,SHIN-SENZAI-WAKASHU
1061,92,402,6,4,MOROZANE-SHU
1062,,,,,-
1063,,,,,-
1064,,,,,-
1065,,,,,-
1066,105,415,3,2,SUISAKI
1067,,,,,-
1068,,,,,-
1069,,,,,-
1070,,,,,-
1071,113,423,7,2,SHUGAKKAIKI
1072,,,,,-
1073,103,413,7,2,EIGA-MONOGATARI(MATSUNO-SHIDUE)
1074,,,,,-
1075,,,,,-
1076,,,,,-
1077,,,,,-
1078,,,,,-
1079,,,,,-
1080,102,411,3,2,SUISAKI
1081,,,,,-
1082,,,,,-
1083,96,406,3,1,GONIJO-MOROMICHIKI
1084,120,429,5,4,ZOKU-GOSEN-WAKASHU
1085,,,,,-
1086,,,,,-
1087,,,,,-
1088,104,413,3,2,GONIJO-MOROMICHIKI
1089,,,,,-
1090,105,415,3,2,GONIJO-MOROMICHIKI
1091,,,,,-
1092,,,,,-
1093,105,415,3,2,GONIJO-MOROMICHIKI
1094,,,,,-
1095,100,410,5,4,CHUYUKI
1096,96,405,3,2,GONIJO-MOROMICHIKI
1097,,,,,-
1098,100,410,4,2,CHUYUKI
1099,103,413,3,1,GONIJO-MOROMICHIKI
1100,,,,,-
1101,,,,,-
1102,104,414,4,3,CHUYUKI
1103,,,,,-
1104,108,417,4,2,DENRYAKU
1105,114,424,1,2,CHUYUKI
1106,,,,,-
1107,105,415,3,2,CHUYUKI
1108,,,,,-
1109,,,,,-
1110,,,,,-
1111,113,423,3,2,EISHOKI
1112,104,413,5,1,CHUYUKI
1113,,,,,-
1114,100,410,4,2,DENRYAKU
1115,,,,,-
1116,,,,,-
1117,109,419,4,2,DENRYAKU
1118,102,412,3,2,MISSHU-KETSUMYAKUSHO
1119,,,,,-
1120,104,413,3,2,DAIGO-ZOJIKI
1121,,,,,-
1122,,,,,-
1123,112,422,3,2,DAIGO-ZOJIKI
1124,98,407,3,2,DAIGO-ZOJIKI
1125,111,421,4,2,DAIGOJI-ZATSUYO
1126,108,418,4,2,DAIGOJI-ZATSUYO
1127,107,417,3,2,DAIGO-ZOJIKI
1128,111,420,3,2,DAIGO-ZOJIKI
1129,106,416,3,2,DAIGO-ZOJIKI
1130,103,413,3,2,DAIGO-ZOJIKI
1131,103,413,4,2,DAIGOJI-ZATSUYO
1132,,,,,-
1133,,,,,-
1134,106,416,4,2,DAIGOJI-ZATSUYO
1135,,,,,-
1136,,,,,-
1137,,,,,-
1138,,,,,-
1139,113,423,4,2,DAIGOJI-ZATSUYO
1140,103,412,3,2,DAIGO-ZOJIKI
1141,111,421,4,2,DAIGOJI-ZATSUYO
1142,,,,,-
1143,110,420,4,2,DAIGOJI-ZATSUYO
1144,,,,,-
1145,107,417,5,2,TAIKI
1146,,,,,-
1147,,,,,-
1148,,,,,-
1149,,,,,-
1150,,,,,-
1151,109,419,7,8,EST-from-WF(HONCHO-SEIKI)
1152,,,,,-
1153,,,,,-
1154,96,406,5,2,TAIKI
1155,,,,,-
1156,90,330,2,2,
1157,,,,,-
1158,,,,,-
1159,103,413,4,2,DAIGOJI-ZATSUYO
1160,,,,,-
1161,112,422,4,2,DAIGOJI-ZATSUYO
1162,,,,,-
1163,112,422,4,2,DAIGOJI-ZATSUYO
1164,100,409,4,2,DAIGOJI-ZATSUYO
1165,106,416,4,2,DAIGOJI-ZATSUYO
1166,95,405,4,2,DAIGOJI-ZATSUYO
1167,111,421,4,2,DAIGOJI-ZATSUYO
1168,,,,,-
1169,112,422,4,2,DAIGOJI-ZATSUYO
1170,113,423,4,2,DAIGOJI-ZATSUYO
1171,,,,,-
1172,103,412,4,2,DAIGOJI-ZATSUYO
1173,117,427,4,2,DAIGOJI-ZATSUYO
1174,112,422,4,2,DAIGOJI-ZATSUYO
1175,113,423,4,2,DAIGOJI-ZATSUYO
1176,113,422,3,2,TAKAKURAIN-ANGEN-ONGAKI
1177,,,,,-
1178,,,,,-
1179,103,413,1,2,SANKAIKI
1180,98,407,5,1,MEIGETSUKI
1181,,,,,-
1182,104,414,6,4,TSUKIMOUDE-WAKASHU(PART-3)
1183,101,411,4,2,DAIGOJI-ZATSUYO
1184,115,424,5,1,GYOKUYO
1185,115,425,3,2,DAIGO-ZOJIKI
1186,,,,,-
1187,104,414,4,2,SAKURAE-RUIJU
1188,107,416,3,2,SAKURAE-RUIJU
1189,,,,,-
1190,112,422,5,4,SHUGYOKU-SHU
1191,106,416,3,2,GYOKUYO
1192,,,,,-
1193,,,,,-
1194,119,429,4,2,NAKASUKEOKI
1195,,,,,-
1196,,,,,-
1197,,,,,-
1198,,,,,-
1199,109,419,4,1,INOKUMA-KAMPAKUKI
1200,104,413,4,1,INOKUMA-KAMPAKUKI
1201,96,406,5,4,INOKUMA-KAMPAKUKI
1202,106,416,5,1,MEIGETSUKI
1203,105,415,3,2,(SHIRYO-SORAN)
1204,110,419,5,2,MEIGETSUKI
1205,105,415,5,2,MEIGETSUKI
1206,,,,,-
1207,104,414,5,2,MEIGETSUKI
1208,,,,,-
1209,,,,,-
1210,112,422,3,2,ASUKAI-SHU
1211,,,,,-
1212,98,407,5,2,GYOKUSOU
1213,107,417,3,2,SHIKIN-WAKASO
1214,102,412,3,2,(SHIRYO-SORAN)
1215,108,418,5,2,MICHIIEKO-MARINIKKI
1216,101,410,5,4,JUNTOKUIN-GYOSHU
1217,,,,,-
1218,,,,,-
1219,101,411,5,4,JUNTOKUIN-GYOSHU
1220,109,418,7,9,EST-from-KJ(NORIMUNE-SHU)
1221,99,409,5,4,SHUI-GUSO
1222,,,,,-
1223,116,426,5,4,MITSUTSUNE-SHU
1224,,,,,-
1225,105,415,5,1,MEIGETSUKI
1226,106,416,5,2,MEIGETSUKI
1227,111,421,5,2,MEIGETSUKI
1228,,,,,-
1229,97,407,5,2,MEIGETSUKI
1230,102,412,1,1,MEIGETSUKI
1231,101,411,4,1,MINKEIKI
1232,92,401,5,1,MINKEIKI
1233,105,415,5,2,MEIGETSUKI
1234,,,,,-
1235,110,420,5,1,MEIGETSUKI
1236,87,327,7,4,SHIIBA-WAKASHU
1237,,,,,-
1238,,,,,-
1239,,,,,-
1240,106,415,5,2,SAMPOIN-MONJO
1241,,,,,-
1242,,,,,-
1243,,,,,-
1244,108,417,4,2,HEIKOKI
1245,108,418,4,2,HEIKOKI
1246,98,408,5,1,MASUKAGAMI
1247,106,416,1,2,ZOKU-HONCHOTSUKAN
1248,,,,,-
1249,108,418,3,2,BENN-NO-NAISHI-NIKKI
1250,116,426,3,1,BENN-NO-NAISHI-NIKKI
1251,100,410,3,1,BENN-NO-NAISHI-NIKKI
1252,,,,,-
1253,,,,,-
1254,110,420,4,2,SAKURAE-RUIJU
1255,,,,,-
1256,,,,,-
1257,94,404,3,2,TSUNETOSHI-KYOKI
1258,,,,,-
1259,96,406,3,1,MASUKAGAMI
1260,,,,,-
1261,,,,,-
1262,97,407,7,9,EST-from-KJ(KUJOKE-REKISEI-KIROKU)
1263,120,430,1,2,ZOKU-HONCHOTSUKAN
1264,103,412,5,2,ZOKU-SHIGUSHO
1265,98,408,6,4,TAMEIE-SHU
1266,,,,,-
1267,105,415,4,2,MISININ-KAMPAKUKI
1268,103,412,6,4,TAMEIE-SHU
1269,100,410,3,4,ZOKU-SHIGUSHO
1270,,,,,-
1271,100,410,5,4,DAINAGON-TAMEIE-SHU
1272,,,,,-
1273,,,,,-
1274,,,,,-
1275,107,417,7,3,TOWAZUGATARI
1276,,,,,-
1277,,,,,-
1278,113,423,1,2,ZOKU-SHIGUSHO(DAIGO)
1279,101,411,3,2,KANCHUKI
1280,102,411,5,2,HARUNO-MIYAMAJI
1281,,,,,-
1282,,,,,-
1283,103,413,3,2,(SHIRYO-SORAN)
1284,102,411,3,1,NAKANOTSUKASA-NIKKI
1285,105,415,1,2,ZOKU-HONCHOTSUKAN
1286,112,422,1,2,ZOKU-SHIGUSHO
1287,110,420,3,2,SANEMI-KYOKI
1288,108,417,3,2,NAKANOTSUKASA-NIKKI
1289,107,417,3,4,NAKANOTSUKASA-NIKKI
1290,,,,,-
1291,,,,,-
1292,107,416,4,2,SANEMI-KYOKI
1293,,,,,-
1294,101,411,3,2,KANCHUKI
1295,102,412,4,2,(DAINIHON-SHIRYO)
1296,,,,,-
1297,,,,,-
1298,,,,,-
1299,,,,,-
1300,,,,,-
1301,95,405,4,4,SANEMI-KYOKI
1302,96,406,1,2,ZOKU-SHIGUSHO
1303,,,,,-
1304,,,,,-
1305,,,,,-
1306,,,,,-
1307,104,414,1,2,ZOKU-SHIGUSHO
1308,,,,,-
1309,,,,,-
1310,,,,,-
1311,94,404,3,2,ENTAIRYAKU
1312,100,409,3,2,HANAZONOTENNO-SHINKI
1313,,,,,-
1314,101,411,3,2,HANAZONOTENNO-SHINKI
1315,111,421,3,2,ZOKU-SHIGUSHO
1316,103,412,1,2,ZOKU-SHIGUSHO
1317,102,412,2,2,HANAZONOTENNO-SHINKI
1318,,,,,-
1319,116,426,3,2,HANAZONOTENNO-SHINKI
1320,,,,,-
1321,102,412,3,2,HANAZONOTENNO-SHINKI
1322,106,416,1,2,HANAZONOTENNO-SHINKI
1323,124,504,1,2,HANAZONOTENNO-SHINKI
1324,98,407,5,4,HANAZONOTENNO-SHINKI
1325,,,,,-
1326,107,417,1,2,ZOKU-SHIGUSHO
1327,,,,,-
1328,,,,,-
1329,112,422,7,9,EST-from-KJ(SHOKA-WAKASHU)
1330,108,418,7,4,RINEI-WAKASHU
1331,112,422,1,2,ZOKU-SHIGUSHO
1332,115,424,1,2,ZOKU-HONCHOTSUKAN
1333,,,,,-
1334,,,,,-
1335,,,,,-
1336,,,,,-
1337,,,,,-
1338,,,,,-
1339,,,,,-
1340,,,,,-
1341,,,,,-
1342,110,420,3,2,MICHIFUYU-KYOKI
1343,,,,,-
1344,102,411,1,2,ZOKU-SHIGUSHO
1345,,,,,-
1346,107,417,1,2,ENTAIRYAKU
1347,109,419,1,2,MOROMORIKI
1348,,,,,-
1349,112,422,3,2,ZOKU-SHIGUSHO
1350,101,411,3,2,(SHIRYO-SORAN)
1351,115,425,3,2,(SHIRYO-SORAN)
1352,,,,,-
1353,,,,,-
1354,,,,,-
1355,,,,,-
1356,117,426,3,2,MOROMORIKI
1357,107,417,2,2,ENTAIRYAKU
1358,110,420,3,2,GUKANKI
1359,105,415,3,2,GUKANKI
1360,101,410,3,2,GUKANKI
1361,108,418,3,2,GUKANKI
1362,,,,,-
1363,107,417,3,2,MOROMORIKI
1364,110,419,3,2,MOROMORIKI
1365,,,,,-
1366,112,422,2,2,ZOKU-HONCHOTSUKAN
1367,97,407,3,2,GUKANKI
1368,88,328,3,1,GUKANKI
1369,94,404,3,2,GOGUMAISHO
1370,109,419,3,2,GOGUMAISHO
1371,,,,,-
1372,102,411,7,8,EST-from-WF(GUKANKI)
1373,110,420,3,2,GUKANKI
1374,,,,,-
1375,103,413,3,2,GUKANKI
1376,99,408,3,2,GUKANKI
1377,105,415,5,1,KUJO-TADAMOTO-NIKKI
1378,104,414,3,2,(SHIRYO-SORAN)
1379,103,413,3,1,GUKANKI
1380,102,411,7,8,EST-from-WF(ZOKU-SHIGUSHO)
1381,108,418,3,2,EITOKU-GANNEN-GYOKO-SHIIKA
1382,105,415,3,2,KUGE-NICHIYO-KUFU-RYAKUSHU
1383,102,412,3,1,KUGE-NICHIYO-KUFU-RYAKUSHU
1384,98,407,3,2,KUGE-NICHIYO-KUFU-RYAKUSHU
1385,99,409,3,2,ATOKAGAMI
1386,105,415,3,2,ATOKAGAMI
1387,100,410,3,2,SANEFUYU-KOKI
1388,99,408,3,1,KANENOBU-KOKI
1389,,,,,-
1390,,,,,-
1391,,,,,-
1392,,,,,-
1393,,,,,-
1394,,,,,-
1395,,,,,-
1396,,,,,-
1397,,,,,-
1398,106,416,4,2,GEIYOKI
1399,,,,,-
1400,,,,,-
1401,101,411,3,2,ATOKAGAMI
1402,103,413,3,2,YOSHIDAKE-HINAMIKI
1403,104,414,4,2,YOSHIDAKE-HINAMIKI
1404,,,,,-
1405,,,,,-
1406,102,412,3,2,(SHIRYO-SORAN)
1407,101,411,3,2,(SHIRYO-SORAN)
1408,111,420,3,2,ZOKU-HONCHOTSUKAN
1409,86,327,4,2,(DAINIHON-SHIRYO)
1410,102,412,4,2,NORITOKI-KYOKI
1411,,,,,-
1412,93,402,4,2,(DAINIHON-SHIRYO)
1413,91,401,4,2,ATOKAGAMI
1414,,,,,-
1415,105,415,4,2,(DAINIHON-SHIRYO)
1416,101,410,3,1,KANMON-GYOKI(FUSHIMI)
1417,109,419,4,2,(DAINIHON-SHIRYO)
1418,98,408,3,2,KANMON-GYOKI
1419,100,410,3,2,KANMON-GYOKI(FUSHIMI)
1420,112,421,3,2,KANMON-GYOKI(FUSHIMI)
1421,99,409,3,1,KANMON-GYOKI(FUSHIMI)
1422,109,419,1,2,YASUTOMIKI
1423,96,406,3,1,KANMON-GYOKI(FUSHIMI)
1424,103,412,3,2,KANMON-GYOKI(FUSHIMI)
1425,98,408,3,1,KANMON-GYOKI(FUSHIMI)
1426,99,409,1,2,MANZAIJUNGO-NIKKI(DAIGO)
1427,102,412,4,1,MANZAIJUNGO-NIKKI(DAIGO)
1428,,,,,-
1429,98,408,3,1,MANZAIJUNGO-NIKKI(DAIGO)
1430,108,418,1,2,MANZAIJUNGO-NIKKI(DAIGO)
1431,102,412,3,2,MANZAIJUNGO-NIKKI(DAIGO)
1432,104,413,1,2,MANZAIJUNGO-NIKKI(DAIGO)
1433,98,408,3,2,MANZAIJUNGO-NIKKI(DAIGO)
1434,113,423,3,1,MANZAIJUNGO-NIKKI(DAIGO)
1435,95,405,3,1,KANMON-GYOKI(FUSHIMI)
1436,101,410,3,2,KANMON-GYOKI(FUSHIMI)
1437,103,413,3,1,KANMON-GYOKI
1438,99,409,3,2,INRYOGEN-NICHIROKU
1439,101,411,3,2,INRYOGEN-NICHIROKU
1440,98,407,4,2,MOROSATOKI
1441,105,415,3,2,INRYOGEN-NICHIROKU
1442,,,,,-
1443,107,417,1,2,KANMON-GYOKI
1444,109,418,3,2,YASUTOMIKI
1445,,,,,-
1446,108,418,3,2,GYOUKO-HOIN-NIKKI
1447,111,421,3,4,SOKONSHU
1448,96,405,3,2,YASUTOMIKI
1449,95,405,3,2,ZOKU-HONCHOTSUKAN
1450,100,410,2,1,YASUTOMIKI
1451,103,413,2,1,YASUTOMIKI
1452,92,401,1,2,ZOKU-SHIGUSHO
1453,107,417,3,4,SOKONSHU
1454,105,415,3,4,SOKONSHU
1455,96,406,3,1,GAUN-NIKKENROKU-BATSUYU
1456,106,415,1,2,MOROSATOKI
1457,105,415,1,2,ZOKU-HONCHOTSUKAN
1458,112,422,1,2,INRYOGEN-NICHIROKU
1459,113,423,1,2,INRYOGEN-NICHIROKU
1460,111,420,1,2,INRYOGEN-NICHIROKU
1461,106,416,3,2,INRYOGEN-NICHIROKU
1462,106,416,1,2,INRYOGEN-NICHIROKU
1463,101,411,3,2,INRYOGEN-NICHIROKU
1464,104,413,1,2,INRYOGEN-NICHIROKU
1465,98,408,1,2,INRYOGEN-NICHIROKU
1466,105,415,1,2,INRYOGEN-NICHIROKU
1467,101,411,7,8,EST-from-WF(GOHOKOINKI)
1468,101,410,1,1,HEKIZAN-NICHIROKU
1469,,,,,-
1470,,,,,-
1471,,,,,-
1472,114,423,3,2,CHIKANAGA-KYOKI
1473,,,,,-
1474,98,408,3,4,ENROKUCHOKASHU
1475,,,,,-
1476,100,409,3,2,SANETAKA-KOKI
1477,110,420,3,1,OYUDONONO-UENO-NIKKI
1478,115,425,3,1,SANETAKA-KOKI
1479,110,420,3,2,SANETAKA-KOKI
1480,104,413,4,3,OYUDONONO-UENO-NIKKI [EDA]
1481,106,416,1,2,SANETAKA-KOKI
1482,108,418,3,1,OYUDONONO-UENO-NIKKI
1483,101,411,3,2,OYUDONONO-UENO-NIKKI
1484,97,406,1,2,OYUDONONO-UENO-NIKKI
1485,94,404,1,1,OYUDONONO-UENO-NIKKI
1486,99,409,1,1,OYUDONONO-UENO-NIKKI
1487,93,403,1,1,SANETAKA-KOKI
1488,103,412,3,1,OYUDONONO-UENO-NIKKI
1489,100,410,3,2,(SHIRYO-SHORAN)
1490,97,407,3,1,INRYOGEN-NICHIROKU
1491,107,417,3,2,SANETAKA-KOKI
1492,108,417,3,2,OYUDONONO-UENO-NIKKI
1493,100,410,3,2,OYUDONONO-UENO-NIKKI
1494,106,416,3,2,OYUDONONO-UENO-NIKKI
1495,94,404,1,2,OYUDONONO-UENO-NIKKI
1496,97,406,3,2,OYUDONONO-UENO-NIKKI
1497,108,418,3,2,CHIKANAGA-KYOKI
1498,97,407,1,2,OYUDONONO-UENO-NIKKI
1499,111,421,1,2,OYUDONONO-UENO-NIKKI
1500,97,407,1,2,OYUDONONO-UENO-NIKKI
1501,103,413,1,2,SANETAKA-KOKI
1502,115,425,3,1,NOBUTANE-KYOKI
1503,108,418,3,2,SANETAKA-KOKI
1504,114,423,3,1,SANETAKA-KOKI
1505,106,416,1,2,NISUIKI
1506,106,416,1,1,MOTONAGA-KYOKI
1507,108,418,1,2,MOTONAGA-KYOKI
1508,111,420,1,2,SANETAKA-KOKI
1509,102,412,1,2,SANETAKA-KOKI
1510,110,420,1,2,SANETAKA-KOKI
1511,111,421,1,2,SANETAKA-KOKI
1512,109,418,1,2,SANETAKA-KOKI
1513,110,420,1,2,SANETAKA-KOKI
1514,105,415,2,2,MORIMITSU-KOKI
1515,111,421,3,2,SAISHOSO
1516,104,413,3,2,SAISHOSO
1517,106,416,1,2,NISUIKI
1518,115,425,1,1,NISUIKI
1519,111,421,1,2,NISUIKI
1520,105,414,1,2,NISUIKI
1521,107,417,1,1,NISUIKI
1522,103,413,1,2,NISUIKI
1523,109,419,3,2,SANETAKA-KOKI
1524,109,418,1,1,SANETAKA-KOKI
1525,104,414,1,2,NISUIKI
1526,113,423,7,2,NISUIKI
1527,105,415,1,2,NISUIKI
1528,106,415,1,2,NISUIKI
1529,107,417,1,2,SANETAKA-KOKI
1530,107,417,1,2,NISUIKI
1531,103,413,1,2,NISUIKI
1532,108,417,1,2,SANETAKA-KOKI
1533,111,421,3,3,OYUDONONO-UENO-NIKKI [EDA]
1534,108,418,3,4,GONARAIN-GYOSEI-BASSHO
1535,95,405,3,1,GONARAIN-SHINNKI
1536,108,417,4,3,OYUDONONO-UENO-NIKKI [EDA]
1537,108,418,4,3,OYUDONONO-UENO-NIKKI [EDA]
1538,112,422,3,2,NINAGAWA-CHIKATOSHI-NIKKI
1539,120,430,4,3,OYUDONONO-UENO-NIKKI [EDA]
1540,122,501,3,3,OYUDONONO-UENO-NIKKI [EDA]
1541,109,419,3,3,OYUDONONO-UENO-NIKKI [EDA]
1542,102,412,3,1,TOKITSUGU-KYOKI
1543,119,429,3,3,OYUDONONO-UENO-NIKKI [EDA]
1544,107,416,2,2,TOKITSUGU-KYOKI
1545,97,407,4,3,OYUDONONO-UENO-NIKKI [EDA]
1546,112,422,3,2,TOKITSUGU-KYOKI
1547,104,414,4,3,OYUDONONO-UENO-NIKKI [EDA]
1548,118,427,3,2,TOKITSUGU-KYOKI
1549,117,427,4,3,(SHIRYO-SORAN)
1550,111,421,3,2,TOKITSUGU-KYOKI
1551,109,419,4,3,OYUDONONO-UENO-NIKKI [EDA]
1552,104,413,3,2,TOKITSUGU-KYOKI
1553,119,429,4,3,OYUDONONO-UENO-NIKKI [EDA]
1554,,,,,-
1555,101,411,3,2,OYUDONONO-UENO-NIKKI
1556,120,429,4,3,OYUDONONO-UENO-NIKKI [EDA]
1557,93,403,3,2,TOKITSUGU-KYOKI
1558,111,421,4,3,OYUDONONO-UENO-NIKKI [EDA]
1559,96,406,3,2,OYUDONONO-UENO-NIKKI
1560,100,409,2,2,DAINIHON-SHIRYO
1561,102,412,3,2,OYUDONONO-UENO-NIKKI
1562,99,409,3,2,OYUDONONO-UENO-NIKKI [EDA]
1563,99,409,4,2,(SHIRYO-SORAN)
1564,109,418,3,2,OYUDONONO-UENO-NIKKI
1565,114,424,2,2,(SHIRYO-SORAN)
1566,97,407,2,2,(SHIRYO-SORAN)
1567,108,418,3,2,OYUDONONO-UENO-NIKKI
1568,106,415,3,2,ATOKAGAMI
1569,,,,,-
1570,112,422,3,1,TOKITSUGU-KYOKI
1571,108,418,4,3,OYUDONONO-UENO-NIKKI [EDA]
1572,107,416,4,3,OYUDONONO-UENO-NIKKI [EDA]
1573,,,,,-
1574,98,408,7,8,EST-from-WF(MASAATSUKYO-EISO)
1575,,,,,-
1576,109,418,3,3,OYUDONONO-UENO-NIKKI [EDA]
1577,100,410,3,1,SHINCHO-KOKI
1578,,,,,-
1579,102,412,2,2,DAINIHON-SHIRYO
1580,97,406,2,2,DAINIHON-SHIRYO
1581,105,415,4,3,OYUDONONO-UENO-NIKKI [EDA]
1582,,,,,-
1583,108,418,3,1,OYUDONONO-UENO-NIKKI
1584,106,415,3,2,SHUNKYUKI(DAIGO)
1585,105,415,1,2,UNONOMONDOKI
1586,106,416,3,2,OYUDONONO-UENO-NIKKI
1587,105,415,3,3,OYUDONONO-UENO-NIKKI
1588,106,415,2,2,
1589,105,415,3,2,OYUDONONO-UENO-NIKKI
1590,102,412,4,2,(SHIRYO-SORAN)
1591,94,404,4,2,HARETOYOKI
1592,98,407,4,4,TOKITSUNE-KYOKI
1593,113,423,4,2,TOKITSUNE-KYOKI(DAIGO)
1594,93,403,4,2,(DAINIHON-SHIRYO(FUSHIMI))
1595,111,421,3,3,OYUDONONO-UENO-NIKKI
1596,104,413,3,2,GIENJUNKO-NIKKI(DAIGO)
1597,114,424,1,2,GIENJUNKO-NIKKI(DAIGO)
1598,110,420,3,2,GIENJUNKO-NIKKI(DAIGO)
1599,103,413,3,2,GIENJUNKO-NIKKI(DAIGO)
1600,101,410,3,2,GIENJUNKO-NIKKI(DAIGO)
1601,93,403,3,1,GIENJUNKO-NIKKI(DAIGO)
1602,107,417,3,1,GIENJUNKO-NIKKI(DAIGO)
1603,99,409,3,1,GIENJUNKO-NIKKI(DAIGO)
1604,95,404,3,1,GIENJUNKO-NIKKI(DAIGO)
1605,105,415,1,1,TOKIYOSHI-KYOKI
1606,106,416,1,2,TOKIYOSHI-KYOKI
1607,110,420,3,2,SHUNKYUKI(DAIGO)
1608,,,,,-
1609,108,418,1,2,TOKIYOSHI-KYOKI
1610,110,420,3,2,KEICHO-NIKKENROKU
1611,,,,,-
1612,87,327,1,1,GIENJUNKO-NIKKI(DAIGO)
1613,106,416,1,2,TOKIYOSHI-KYOKI
1614,103,413,3,1,TOKIYOSHI-KYOKI
1615,110,420,4,2,YASUSHIGE-KYOKI
1616,122,501,4,2,YASUSHIGE-KYOKI
1617,107,417,4,2,YASUSHIGE-KYOKI
1618,102,412,3,1,TOKIYOSHI-KYOKI
1619,93,403,3,2,(DAINIHON-SHIRYO)
1620,,,,,-
1621,109,419,4,2,(DAINIHON-SHIRYO)
1622,106,416,1,2,RYOGEN-IN-KI
1623,113,423,4,2,YASUSHIGE-KYOKI
1624,112,421,4,1,YASUSHIGE-KYOKI
1625,95,405,3,2,OYUDONONO-UENO-NIKKI
1626,100,410,3,2,(SHIRYO-SORAN)
1627,,,,,-
1628,104,413,3,1,ROKUON-NICHIROKU
1629,112,422,4,1,YASUSHIGE-KYOKI
1630,,,,,-
1631,,,,,-
1632,104,413,3,1,TOKIYOSHI-KYOKI
1633,98,408,1,2,OUCHI-NIKKI
1634,96,406,4,2,MICHIFUSA-KOKI
1635,97,407,3,2,(SHIRYO-SORAN)
1636,,,,,-
1637,105,415,3,2,TOKIYOSHI-KYOKI
1638,105,415,3,2,KAKUMEIKI
1639,108,418,3,2,KAKUMEIKI
1640,103,412,3,4,KYOHAKUSHU
1641,117,427,4,2,HIRAMATSUKE-HINAMI-SHIKI
1642,114,424,4,2,HIRAMATSUKE-HINAMI-SHIKI
1643,114,424,3,2,KAKUMEIKI
1644,105,414,4,2,HIRAMATSU-TOKIMORIKI
1645,99,409,4,2,HIRAMATSU-TOKIMORIKI
1646,87,328,4,2,SHOHO-2-NEN-IKO-NIKKI
1647,112,422,3,2,KAKUMEIKI
1648,,,,,-
1649,104,414,4,2,KAKUMEIKI
1650,102,412,3,2,KAKUMEIKI
1651,107,417,1,2,ZOKU-SHIGUSHO
1652,107,416,3,2,KAKUMEIKI
1653,112,422,3,2,KAKUMEIKI
1654,104,414,3,2,KAKUMEIKI
1655,104,414,3,2,ISHIKAWA-NIKKI
1656,103,412,3,1,ISHIKAWA-NIKKI
1657,,,,,-
1658,108,418,4,2,KAKUMEIKI
1659,,,,,-
1660,111,420,3,2,KAKUMEIKI
1661,93,403,7,4,BURUI-GENYO-WAKASHU
1662,110,420,4,1,KAKUMEIKI
1663,105,415,3,2,KAKUMEIKI
1664,105,414,3,2,KAKUMEIKI
1665,112,422,3,2,KAKUMEIKI
1666,108,418,4,2,KIMITOSHI-KYOKI
1667,112,422,7,2,HAMURO-YORINARI-KI
1668,110,419,3,2,GYOJO-HOSSINNO-NIKKI [TOYOKUNI]
1669,104,414,7,2,HAMURO-YORINARI-KI
1670,102,412,3,1,GYOJO-HOSSINNO-NIKKI
1671,116,426,3,2,GYOJO-HOSSINNO-NIKKI [KINDAI]
1672,112,421,3,1,GYOJO-HOSSINNO-NIKKI [SEIRYODEN]
1673,105,415,6,1,MUJOHOINDONO-GONIKKI
1674,115,425,3,2,GYOJO-HOSSINNO-NIKKI
1675,111,421,3,1,GYOJO-HOSSINNO-NIKKI [TOJI]
1676,103,412,3,2,GYOJO-HOSSINNO-NIKKI
1677,96,406,7,1,MUJOHOINDONO-GONIKKI
1678,109,419,3,1,GYOJO-HOSSINNO-NIKKI [HIGASHI-IWAKURA]
1679,114,424,7,2,MUJOHOINDONO-GONIKKI
1680,109,418,3,1,GYOJO-HOSSINNO-NIKKI [KIYOMIZU-CHIONIN]
1681,110,420,3,3,OYUDONONO-UENO-NIKKI [EDA]
1682,104,414,3,1,GYOJO-HOSSINNO-NIKKI [HIGASHIYAMA]
1683,108,418,3,2,ITO-JINSAI-NIKKI
1684,118,427,3,1,GYOJO-HOSSINNO-NIKKI [HIGASHIYAMA]
1685,106,416,3,3,OYUDONONO-UENO-NIKKI [EDA]
1686,104,414,3,1,GYOJO-HOSSINNO-NIKKI
1687,104,414,3,1,GYOJO-HOSSINNO-NIKKI [HIGASHIYAMA]
1688,114,423,3,2,GYOJO-HOSSINNO-NIKKI
1689,97,407,3,1,GYOJO-HOSSINNO-NIKKI [KOSAKATEI]
1690,93,403,3,2,GYOJO-HOSSINNO-NIKKI [KOSAKATEI]
1691,103,413,3,2,GYOJO-HOSSINNO-NIKKI [HIGASHIYAMA]
1692,109,418,3,2,GYOJO-HOSSINNO-NIKKI [CHIONIN]
1693,107,417,3,2,GYOJO-HOSSINNO-NIKKI [HIGASHIYAMA]
1694,109,419,3,2,MYOHOIN-HINAMIKI
1695,120,430,3,2,MYOHOIN-HINAMIKI
1696,114,423,4,1,MOTOKAZU-KYOKI
1697,111,421,4,2,SADAMOTO-KYOKI
1698,101,411,4,2,MOTOKAZU-KYOKI
1699,97,407,4,2,MOTOHIRO-KOKI
1700,116,426,3,2,CHIONIN-NICHIKAGAMI
1701,112,422,4,2,MOTOKAZU-KYOKI
1702,116,426,4,2,MOTOHIRO-KOKI
1703,103,413,3,1,MYOHOIN-HINAMIKI
1704,113,422,3,2,MYOHOIN-HINAMIKI
1705,109,419,3,1,MYOHOIN-HINAMIKI
1706,115,425,4,1,KANEKA-KYOKI
1707,111,421,3,1,MYOHOIN-HINAMIKI
1708,103,412,4,1,MOTOHIRO-KOKI
1709,106,416,4,2,MOTOHIRO-KOKI
1710,,,,,-
1711,,,,,-
1712,,,,,-
1713,104,414,3,1,MYOHOIN-HINAMIKI
1714,108,418,3,1,MYOHOIN-HINAMIKI
1715,107,417,3,2,CHIONIN-NICHIKAGAMI
1716,110,419,3,1,MYOHOIN-HINAMIKI
1717,98,408,4,1,MOTOHIRO-KOKI
1718,102,412,4,1,MOTOHIRO-KOKI
1719,102,412,4,1,MOTOHIRO-KOKI
1720,114,423,4,1,NAKANOIN-MICHIEDAKI
1721,95,405,4,1,MOTOHIRO-KOKI
1722,100,410,4,1,MOTOHIRO-KOKI
1723,104,414,4,1,KIMIAKI-KYOKI
1724,99,408,3,2,MYOHOIN-HINAMIKI
1725,106,416,4,2,MOTONAGA-KYOKI
1726,116,426,3,2,KAIKI
1727,112,422,3,2,KAIKI
1728,104,413,3,2,KAIKI
1729,105,415,4,1,MYOHOIN-HINAMIKI
1730,,,,,-
1731,104,414,4,2,MITSUTSUNA-KYOKI
1732,108,417,3,2,GYOKYO-HOSSINNO-NIKKI
1733,107,417,3,2,MYOHOIN-HINAMIKI
1734,102,412,3,2,MYOHOIN-HINAMIKI [ARASHIYAMA]
1735,101,411,3,2,MYOHOIN-HINAMIKI
1736,106,415,4,1,MICHIE-KOKI
1737,93,403,3,2,MYOHOIN-HINAMIKI
1738,101,411,4,2,MYOHOIN-HINAMIKI
1739,110,420,4,2,MICHIE-KOKI
1740,115,424,4,2,MYOHOIN-HINAMIKI
1741,109,419,4,2,MYOHOIN-HINAMIKI
1742,109,419,4,2,MYOHOIN-HINAMIKI
1743,108,418,4,2,MYOHOIN-HINAMIKI
1744,98,407,4,1,MYOHOIN-HINAMIKI
1745,105,415,4,1,MICHIE-KOKI
1746,110,420,4,2,MICHIE-KOKI
1747,101,411,4,1,MICHIE-KOKI
1748,96,405,4,2,MYOHOIN-HINAMIKI
1749,100,410,4,1,MYOHOIN-HINAMIKI
1750,110,420,4,2,MYOHOIN-HINAMIKI
1751,103,413,4,2,NAKANOIN-MICHIEDAKI
1752,110,419,4,1,NAKANOIN-MICHIEDAKI
1753,96,406,4,1,NAKANOIN-MICHIEDAKI
1754,115,425,4,2,SADAYUKI-KYOKI
1755,120,430,4,1,SADAYUKI-KYOKI
1756,109,418,3,1,NORINAGA-ZAIKYO-NIKKI
1757,112,422,4,2,MYOHOIN-HINAMIKI
1758,101,411,4,2,MYOHOIN-HINAMIKI
1759,109,419,4,2,MYOHOIN-HINAMIKI
1760,103,412,4,2,MYOHOIN-HINAMIKI
1761,89,330,4,2,MYOHOIN-HINAMIKI
1762,106,416,4,2,MYOHOIN-HINAMIKI
1763,112,422,4,1,MYOHOIN-HINAMIKI
1764,98,407,4,2,GOSAKURAMACHI-TENNNOU-SHINKI
1765,106,416,4,2,GOSAKURAMACHI-TENNNOU-SHINKI
1766,113,423,4,2,GOSAKURAMACHI-TENNNOU-SHINKI
1767,101,411,4,2,GOSAKURAMACHI-TENNNOU-SHINKI
1768,117,426,4,1,SADAHARU-KYOKI
1769,105,415,6,2,YANAGIHARA-KOREMITSU-NIKKI
1770,105,415,4,2,(SHIRYO-KOHON)
1771,104,414,4,2,(SHIRYO-KOHON)
1772,106,415,4,2,GOSAKURAMACHI-TENNNOU-SHINKI
1773,100,410,3,2,ZOKU-SHIGUSHO
1774,110,420,4,2,GOSAKURAMACHI-TENNNOU-SHINKI
1775,99,409,4,2,GOMOMOZONO-TENNNOU-SHINKI
1776,108,417,4,2,TERUYOSHI-KOKI
1777,104,414,3,1,MORIYAMA-TAKAMORI-NIKKI
1778,111,421,4,3,TERUYOSHI-KOKI
1779,96,406,4,2,MYOHOIN-HINAMIKI
1780,109,418,4,2,TERUYOSHI-KOKI
1781,91,401,4,3,MYOHOIN-HINAMIKI
1782,109,419,4,2,TERUYOSHI-KOKI
1783,103,413,3,1,SUGIURAKE-NIKKI
1784,105,414,3,1,SUGIURAKE-NIKKI
1785,108,418,3,1,SUGIURAKE-NIKKI
1786,106,416,3,1,SUGIURAKE-NIKKI
1787,105,415,3,1,SUGIURAKE-NIKKI
1788,109,418,4,1,TERUYOSHI-KOKI
1789,106,416,4,1,KOUKANSIYU-NIKKI
1790,119,429,4,2,SUGIURAKE-NIKKI
1791,99,409,3,1,SUGIURAKE-NIKKI
1792,101,410,4,1,TERUYOSHI-KOKI
1793,106,416,4,2,TERUYOSHI-KOKI
1794,104,414,3,1,SUGIURAKE-NIKKI
1795,113,423,4,1,TERUYOSHI-KOKI
1796,103,412,4,2,SUGIURAKE-NIKKI
1797,97,407,4,2,TADAYOSHI-KOKI
1798,110,420,3,1,SUGIURAKE-NIKKI
1799,103,413,3,1,SUGIURAKE-NIKKI
1800,103,413,3,1,SUGIURAKE-NIKKI
1801,105,415,3,1,SUGIURAKE-NIKKI
1802,96,406,4,1,SUGIURAKE-NIKKI
1803,110,420,3,1,SUGIURAKE-NIKKI
1804,104,413,3,1,SUGIURAKE-NIKKI
1805,93,403,3,1,SUGIURAKE-NIKKI
1806,114,424,3,1,SUGIURAKE-NIKKI
1807,116,426,3,1,SUGIURAKE-NIKKI
1808,98,407,3,1,SUGIURAKE-NIKKI
1809,107,417,3,1,SUGIURAKE-NIKKI
1810,100,410,3,1,SUGIURAKE-NIKKI
1811,110,420,3,1,SUGIURAKE-NIKKI
1812,120,429,3,1,SUGIURAKE-NIKKI
1813,107,417,4,2,SANEHISA-KYOKI
1814,113,423,3,1,RAI-SANYO-NIPPU
1815,111,421,4,1,SADANAKA-KYOKI
1816,103,412,4,1,HARU-NO-NISHIKI
1817,110,420,4,1,SADANAKA-KYOKI
1818,106,416,4,1,HIRAMATSUKE-NIKKI
1819,106,416,3,1,RAI-BAISHI-NIKKI
1820,95,404,3,2,RAI-SANYO-NIPPU
1821,109,419,4,2,SANEHISA-KYOKI
1822,102,412,3,2,RAI-SANYO-NIPPU
1823,106,416,3,2,RAI-SANYO-NIPPU
1824,108,417,3,1,RAI-BAISHI-NIKKI
1825,114,424,4,2,SANEHISA-KYOKI
1826,109,419,3,2,RAI-SANYO-NIPPU
1827,100,410,3,2,RAI-BAISHI-NIKKI
1828,113,422,3,2,RAI-SANYO-NIPPU
1829,112,422,3,1,RAI-BAISHI-NIKKI
1830,105,415,3,2,RAI-SANYO-NIPPU
1831,114,424,3,2,RAI-SANYO-NIPPU
1832,113,422,3,1,GAKUSUI-NIKKI
1833,107,417,3,2,GAKUSUI-NIKKI
1834,111,421,3,2,SUGIURAKE-NIKKI
1835,112,422,3,2,SUGIURAKE-NIKKI
1836,112,421,4,1,FUDEMAKASE
1837,111,421,3,2,SUGIURAKE-NIKKI
1838,109,419,3,2,SUGIURAKE-NIKKI
1839,120,430,3,2,SUGIURAKE-NIKKI
1840,105,414,3,2,SUGIURAKE-NIKKI
1841,107,417,3,2,KYOJIN-HOSSINNO-NIKKI
1842,96,406,3,2,KYOJIN-HOSSINNO-NIKKI
1843,106,416,4,1,SANEAKIRA-KYOKI
1844,106,415,4,2,SANEAKIRA-KYOKI
1845,102,412,4,2,SANEAKIRA-KYOKI
1846,98,408,4,4,TEIEN-EISO
1847,107,417,1,1,MADENOKOJI-NIKKI
1848,102,411,3,2,MIAKE-SHONOSUKE-NIKKI
1849,100,410,4,1,SANEAKIRA-KYOKI
1850,109,419,3,1,SUGIURAKE-NIKKI
1851,102,412,1,2,MADENOKOJI-NIKKI
1852,113,422,4,1,SADANAKA-KYOKI
1853,102,412,1,1,MADENOKOJI-NIKKI
1854,102,412,3,2,TAKOYAKUSHI-MACHINIKKI
1855,101,411,4,1,SADANAKA-KYOKI
1856,111,420,7,1,TAKAGI-ZAICHU-NIKKI
1857,108,418,4,1,HANA-NO-SHITABUSHI
1858,104,414,7,1,TAKAGI-ZAICHU-NIKKI
1859,110,420,3,2,NAKAYAMAISAKO-NIKKI
1860,113,422,7,2,TAKAGI-ZAICHU-NIKKI
1861,100,410,7,1,TAKAGI-ZAICHU-NIKKI
1862,117,427,3,2,KOMEI-TENNOKI
1863,118,428,4,4,YATAKA-SHU
1864,105,414,1,1,MADENOKOJI-NIKKI
1865,97,407,7,1,TAKAGI-ZAICHU-NIKKI
1866,102,412,3,2,KOMEI-TENNOKI
1867,101,411,4,2,OZAKITADAMASA-NIKKI
1868,104,413,7,2,GAKKAI-NICHIROKU
1869,105,415,7,2,TAKAGI-ZAICHU-NIKKI
1870,99,409,7,1,TAKAGI-ZAICHU-NIKKI
1871,104,414,7,1,TAKAGI-ZAICHU-NIKKI
1872,,,,,-
1873,104,414,7,2,HAYAMIKE-NIKKI
1874,107,417,7,2,HAYAMIKE-NIKKI
1875,103,413,7,2,HAYAMIKE-NIKKI
1876,111,420,7,2,HAYAMIKE-NIKKI
1877,104,414,3,1,SUGIURAKE-NIKKI
1878,101,411,7,2,HAYAMIKE-NIKKI
1879,102,412,3,2,SUGIURAKE-NIKKI
1880,110,419,3,2,SUGIURAKE-NIKKI
1881,112,422,3,1,UEKI-SHISEI-NIKKI
1882,97,407,3,1,SUGIURAKE-NIKKI
1883,107,417,3,2,SUGIURAKE-NIKKI
1884,109,418,3,2,SUGIURAKE-NIKKI
1885,113,423,4,2,NEWS-PAPER(ARASHIYAMA)
1886,108,418,3,2,SUGIURAKE-NIKKI
1887,109,419,4,2,NEWS-PAPER(ARASHIYAMA)
1888,107,416,4,0,NEWS-PAPER(ARASHIYAMA)
1889,109,419,4,0,NEWS-PAPER(ARASHIYAMA)
1890,98,408,4,0,UEKI-SHISEI-NIKKI
1891,99,409,4,0,NEWS-PAPER(ARASHIYAMA)
1892,115,424,4,0,NEWS-PAPER(ARASHIYAMA)
1893,109,419,4,0,NEWS-PAPER(ARASHIYAMA)
1894,98,408,4,0,NEWS-PAPER(ARASHIYAMA)
1895,,,,,-
1896,106,415,4,0,NEWS-PAPER(ARASHIYAMA)
1897,106,416,4,0,NEWS-PAPER(ARASHIYAMA)
1898,108,418,4,0,NEWS-PAPER(ARASHIYAMA)
1899,99,409,4,0,NEWS-PAPER(ARASHIYAMA)
1900,102,412,4,0,NEWS-PAPER(ARASHIYAMA)
1901,102,412,4,0,NEWS-PAPER(ARASHIYAMA)
1902,98,408,4,0,KYOTO-TETUDO-KANRIKYOKU ADV(ARASHIYAMA)
1903,99,409,4,0,NEWS-PAPER(ARASHIYAMA)
1904,108,417,4,0,NEWS-PAPER(ARASHIYAMA)
1905,105,415,4,0,NEWS-PAPER(ARASHIYAMA)
1906,105,415,4,0,KYOTO-TETUDO-KANRIKYOKU ADV(ARASHIYAMA)
1907,103,413,4,0,KYOTO-TETUDO-KANRIKYOKU ADV(ARASHIYAMA)
1908,102,411,4,0,TETUDOUIN AVD(ARASHIYAMA)
1909,108,418,4,0,TETUDOUIN AVD(ARASHIYAMA)
1910,104,414,4,0,TETUDOUIN AVD(ARASHIYAMA)
1911,98,408,4,0,ARASHIYAMA-TETSUDO ADV(ARASHIYAMA)
1912,105,414,4,0,TETUDOUIN AVD(ARASHIYAMA)
1913,103,413,4,0,SEIBU-TETSUDO-KANRIKYOKU ADV(ARASHIYAMA)
1914,102,412,4,0,KOBE-TETSUDO-KANRIKYOKU ADV(ARASHIYAMA)
1915,102,412,4,0,NEWS-PAPER(ARASHIYAMA)
1916,112,421,4,0,SEIBU-TETSUDO-KANRIKYOKU ADV(ARASHIYAMA)
1917,103,413,4,0,NEWS-PAPER(ARASHIYAMA)
1918,104,414,4,0,SEKI-HAJIME-NIKKI
1919,,,,,-
1920,104,413,4,0,NEWS-PAPER(ARASHIYAMA)
1921,,,,,-
1922,101,411,4,0,KAJII-MOTOJIRO-SHOKAN
1923,97,407,4,0,NEWS-PAPER(ARASHIYAMA)
1924,111,420,4,0,MITAMURA-ENGYO-NIKKI(ARASHIYAMA)
1925,108,418,4,0,KEIHAN RAILWAY ADV(ARASHIYAMA)
1926,108,418,4,0,KEIHAN RAILWAY ADV(ARASHIYAMA)
1927,107,417,4,0,KEIHAN RAILWAY ADV(ARASHIYAMA)
1928,107,416,4,0,KEIHAN RAILWAY ADV(ARASHIYAMA)
1929,103,413,4,0,SHIN-KEIHAN RAILWAY ADV(ARASHIYAMA)
1930,95,405,4,0,SHIN-KEIHAN RAILWAY ADV(ARASHIYAMA)
1931,105,415,4,0,NEWS-PAPER(ARASHIYAMA)
1932,105,414,4,0,KEIHAN RAILWAY ADV(ARASHIYAMA)
1933,106,416,3,0,NEWS-PAPER(ARASHIYAMA)
1934,104,414,4,0,NEWS-PAPER(ARASHIYAMA)
1935,102,412,3,0,NHK(ARASHIYAMA)
1936,111,420,3,0,NHK(ARASHIYAMA)
1937,100,410,4,0,NEWS-PAPER(ARASHIYAMA)
1938,98,408,4,0,KEIHAN RAILWAY ADV(ARASHIYAMA)
1939,104,414,4,0,KEIHAN RAILWAY ADV(ARASHIYAMA)
1940,110,419,4,0,KEIHAN RAILWAY ADV(ARASHIYAMA)
1941,100,410,4,0,KEIHAN RAILWAY ADV(ARASHIYAMA)
1942,96,406,7,0,ASADA-TAKASHI-NIKKI
1943,101,411,7,0,ASADA-TAKASHI-NIKKI
1944,100,409,7,0,ASADA-TAKASHI-NIKKI
1945,,,,,-
1946,97,407,4,0,NEWS-PAPER(ARASHIYAMA)
1947,107,417,4,0,NEWS-PAPER(ARASHIYAMA)
1948,102,411,4,0,NEWS-PAPER(ARASHIYAMA)
1949,107,417,4,0,NEWS-PAPER(ARASHIYAMA)
1950,99,409,4,0,NEWS-PAPET(DAIGO-JI)
1951,98,408,4,0,NEWS-PAPER(ARASHIYAMA)
1952,105,414,3,0,NEWS-PAPER(ARASHIYAMA)
1953,101,411,3,0,NEWS-PAPER(ARASHIYAMA)
1954,98,408,3,0,NEWS-PAPER(ARASHIYAMA)
1955,97,407,3,0,NEWS-PAPER(ARASHIYAMA)
1956,99,408,3,0,NEWS-PAPER(ARASHIYAMA)
1957,103,413,3,0,NEWS-PAPER(ARASHIYAMA)
1958,99,409,3,0,NEWS-PAPER(ARASHIYAMA)
1959,92,402,3,0,NEWS-PAPER(ARASHIYAMA)
1960,95,404,3,0,NEWS-PAPER(ARASHIYAMA)
1961,99,409,3,0,NEWS-PAPER(ARASHIYAMA)
1962,102,412,3,0,NEWS-PAPER(ARASHIYAMA)
1963,101,411,3,0,NEWS-PAPER(ARASHIYAMA)
1964,99,408,3,0,NEWS-PAPER(ARASHIYAMA)
1965,110,420,3,0,NEWS-PAPER(ARASHIYAMA)
1966,97,407,3,0,NEWS-PAPER(ARASHIYAMA)
1967,97,407,3,0,NEWS-PAPER(ARASHIYAMA)
1968,99,408,3,0,NEWS-PAPER(ARASHIYAMA)
1969,101,411,3,0,NEWS-PAPER(ARASHIYAMA)
1970,107,417,3,0,NEWS-PAPER(ARASHIYAMA)
1971,98,408,3,0,NEWS-PAPER(ARASHIYAMA)
1972,99,408,3,0,NEWS-PAPER(ARASHIYAMA)
1973,97,407,3,0,NEWS-PAPER(ARASHIYAMA)
1974,99,409,3,0,NEWS-PAPER(ARASHIYAMA)
1975,100,410,3,0,NEWS-PAPER(ARASHIYAMA)
1976,99,408,3,0,NEWS-PAPER(ARASHIYAMA)
1977,93,403,3,0,NEWS-PAPER(ARASHIYAMA)
1978,104,414,3,0,NEWS-PAPER(ARASHIYAMA)
1979,97,407,3,0,NEWS-PAPER(ARASHIYAMA)
1980,102,411,3,0,NEWS-PAPER(ARASHIYAMA)
1981,99,409,3,0,NEWS-PAPER(ARASHIYAMA)
1982,93,403,3,0,NEWS-PAPER(ARASHIYAMA)
1983,99,409,3,0,NEWS-PAPER(ARASHIYAMA)
1984,109,418,3,0,NEWS-PAPER(ARASHIYAMA)
1985,99,409,3,0,NEWS-PAPER(ARASHIYAMA)
1986,102,412,3,0,NEWS-PAPER(ARASHIYAMA)
1987,95,405,3,0,NEWS-PAPER(ARASHIYAMA)
1988,106,415,3,0,NEWS-PAPER(ARASHIYAMA)
1989,93,403,3,0,NEWS-PAPER(ARASHIYAMA)
1990,88,329,3,0,NEWS-PAPER(ARASHIYAMA)
1991,97,407,4,0,NEWS-PAPER(ARASHIYAMA)
1992,94,403,4,0,NEWS-PAPER(ARASHIYAMA)
1993,97,407,4,0,NEWS-PAPER(ARASHIYAMA)
1994,99,409,4,0,NEWS-PAPER(ARASHIYAMA)
1995,99,409,4,0,NEWS-PAPER(ARASHIYAMA)
1996,103,412,4,0,NEWS-PAPER(ARASHIYAMA)
1997,97,407,4,0,NEWS-PAPER(ARASHIYAMA)
1998,91,401,4,0,NEWS-PAPER(ARASHIYAMA)
1999,94,404,4,0,NEWS-PAPER(ARASHIYAMA)
2000,100,409,4,0,NEWS-PAPER(ARASHIYAMA)
2001,96,406,4,0,NEWS-PAPER(ARASHIYAMA)
2002,91,401,4,0,NEWS-PAPER(ARASHIYAMA)
2003,98,408,4,0,NEWS-PAPER(ARASHIYAMA)
2004,92,401,4,0,NEWS-PAPER(ARASHIYAMA)
2005,99,409,4,0,NEWS-PAPER(ARASHIYAMA)
2006,98,408,5,0,NEWS-PAPER(ARASHIYAMA)
2007,97,407,5,0,NEWS-PAPER(ARASHIYAMA)
2008,95,404,6,0,NEWS-PAPER(ARASHIYAMA)
2009,95,405,6,0,NEWS-PAPER(ARASHIYAMA)
2010,95,405,7,0,NEWS-PAPER(ARASHIYAMA)
2011,99,409,8,0,NEWS-PAPER(ARASHIYAMA)
2012,101,410,8,0,NEWS-PAPER(ARASHIYAMA)
2013,93,403,8,0,NEWS-PAPER(ARASHIYAMA)
2014,94,404,8,0,NEWS-PAPER(ARASHIYAMA)
2015,93,403,8,0,NEWS-PAPER(ARASHIYAMA)
2016,94,404,8,0,NEWS-PAPER(ARASHIYAMA)
2017,99,409,8,0,NEWS-PAPER(ARASHIYAMA)
2018,89,330,8,0,NEWS-PAPER(ARASHIYAMA)
2019,95,405,8,0,NEWS-PAPER(ARASHIYAMA)
2020,92,401,8,0,NEWS-PAPER(ARASHIYAMA)
2021,85,326,8,0,NEWS-PAPER(ARASHIYAMA)
